transactionId,gameId,contestId,entryType,participantId,eventType,timestamp,accountBalance,entryFeePaid,winAmount,targetWinAmount,score,rank,result
1,1,1,user,user1,entry,2025-06-18T11:56:31.007Z,0,10,0,0,0,0,
2,2,2,user,user2,entry,2025-06-18T11:56:31.008Z,0,10,0,0,0,0,
3,1,1,user,user1,score_posted,2025-06-18T11:56:31.008Z,0,0,0,0,859,0,
4,2,2,user,user2,score_posted,2025-06-18T11:56:31.008Z,0,0,0,0,91,0,
5,2,2,user,user3,entry,2025-06-18T11:57:31.008Z,0,10,0,0,0,0,
6,2,2,user,user3,score_posted,2025-06-18T11:57:31.008Z,0,0,0,0,405,0,
7,1,1,user,user4,entry,2025-06-18T11:58:31.008Z,0,10,0,0,0,0,
8,2,2,user,user5,entry,2025-06-18T11:58:31.008Z,0,10,0,0,0,0,
9,1,1,user,user4,score_posted,2025-06-18T11:58:31.008Z,0,0,0,0,187,0,
10,2,2,user,user5,score_posted,2025-06-18T11:58:31.008Z,0,0,0,0,593,0,
11,1,1,bot,bot1,entry,2025-06-18T11:59:31.008Z,0,10,0,10,0,0,
12,1,1,bot,bot1,score_posted,2025-06-18T11:59:31.008Z,-10,0,0,10,196,0,
13,1,1,user,user6,entry,2025-06-18T12:00:31.008Z,0,10,0,0,0,0,
14,2,2,bot,bot2,entry,2025-06-18T12:00:31.008Z,-10,10,0,10,0,0,
15,1,1,user,user6,score_posted,2025-06-18T12:00:31.008Z,0,0,0,0,398,0,
16,2,2,bot,bot2,score_posted,2025-06-18T12:00:31.008Z,-20,0,0,10,407,0,
17,1,1,user,user1,settlement,2025-06-18T12:00:31.008Z,0,0,25,0,859,1,win
18,1,1,user,user6,settlement,2025-06-18T12:00:31.008Z,0,0,10,0,398,2,win
19,1,1,bot,bot1,settlement,2025-06-18T12:00:31.008Z,-10,0,0,0,196,3,loss
20,1,1,user,user4,settlement,2025-06-18T12:00:31.008Z,0,0,0,0,187,4,loss
21,2,2,user,user5,settlement,2025-06-18T12:00:31.008Z,0,0,25,0,593,1,win
22,2,2,bot,bot2,settlement,2025-06-18T12:00:31.008Z,-10,0,10,0,407,2,win
23,2,2,user,user3,settlement,2025-06-18T12:00:31.008Z,0,0,0,0,405,3,loss
24,2,2,user,user2,settlement,2025-06-18T12:00:31.008Z,0,0,0,0,91,4,loss
25,3,3,user,user7,entry,2025-06-18T12:02:31.008Z,0,10,0,0,0,0,
26,4,4,user,user8,entry,2025-06-18T12:02:31.008Z,0,10,0,0,0,0,
27,3,3,user,user7,score_posted,2025-06-18T12:02:31.008Z,0,0,0,0,946,0,
28,4,4,user,user8,score_posted,2025-06-18T12:02:31.008Z,0,0,0,0,292,0,
29,3,3,user,user9,entry,2025-06-18T12:03:31.008Z,0,10,0,0,0,0,
30,4,4,user,user10,entry,2025-06-18T12:03:31.008Z,0,10,0,0,0,0,
31,3,3,user,user9,score_posted,2025-06-18T12:03:31.008Z,0,0,0,0,550,0,
32,4,4,user,user10,score_posted,2025-06-18T12:03:31.008Z,0,0,0,0,774,0,
33,3,3,user,user11,entry,2025-06-18T12:04:31.008Z,0,10,0,0,0,0,
34,4,4,user,user12,entry,2025-06-18T12:04:31.008Z,0,10,0,0,0,0,
35,3,3,user,user11,score_posted,2025-06-18T12:04:31.008Z,0,0,0,0,867,0,
36,4,4,user,user12,score_posted,2025-06-18T12:04:31.008Z,0,0,0,0,325,0,
37,3,3,bot,bot3,entry,2025-06-18T12:05:31.008Z,-10,10,0,10,0,0,
38,3,3,bot,bot3,score_posted,2025-06-18T12:05:31.008Z,-20,0,0,10,868,0,
39,3,3,user,user7,settlement,2025-06-18T12:05:31.008Z,0,0,25,0,946,1,win
40,3,3,bot,bot3,settlement,2025-06-18T12:05:31.008Z,-10,0,10,0,868,2,win
41,3,3,user,user11,settlement,2025-06-18T12:05:31.008Z,0,0,0,0,867,3,loss
42,3,3,user,user9,settlement,2025-06-18T12:05:31.008Z,0,0,0,0,550,4,loss
43,4,4,bot,bot4,entry,2025-06-18T12:05:31.009Z,-10,10,0,10,0,0,
44,4,4,bot,bot4,score_posted,2025-06-18T12:05:31.009Z,-20,0,0,10,335,0,
45,4,4,user,user10,settlement,2025-06-18T12:05:31.009Z,0,0,25,0,774,1,win
46,4,4,bot,bot4,settlement,2025-06-18T12:05:31.009Z,-10,0,10,0,335,2,win
47,4,4,user,user12,settlement,2025-06-18T12:05:31.009Z,0,0,0,0,325,3,loss
48,4,4,user,user8,settlement,2025-06-18T12:05:31.009Z,0,0,0,0,292,4,loss
49,5,5,user,user13,entry,2025-06-18T12:07:31.009Z,0,10,0,0,0,0,
50,6,6,user,user14,entry,2025-06-18T12:07:31.009Z,0,10,0,0,0,0,
51,5,5,user,user13,score_posted,2025-06-18T12:07:31.009Z,0,0,0,0,393,0,
52,6,6,user,user14,score_posted,2025-06-18T12:07:31.009Z,0,0,0,0,801,0,
53,5,5,user,user15,entry,2025-06-18T12:08:31.009Z,0,10,0,0,0,0,
54,6,6,user,user16,entry,2025-06-18T12:08:31.009Z,0,10,0,0,0,0,
55,5,5,user,user15,score_posted,2025-06-18T12:08:31.009Z,0,0,0,0,216,0,
56,6,6,user,user16,score_posted,2025-06-18T12:08:31.009Z,0,0,0,0,956,0,
57,5,5,user,user17,entry,2025-06-18T12:09:31.009Z,0,10,0,0,0,0,
58,6,6,bot,bot5,entry,2025-06-18T12:09:31.009Z,-10,10,0,10,0,0,
59,5,5,user,user17,score_posted,2025-06-18T12:09:31.009Z,0,0,0,0,580,0,
60,6,6,bot,bot5,score_posted,2025-06-18T12:09:31.009Z,-20,0,0,10,803,0,
61,5,5,bot,bot6,entry,2025-06-18T12:10:31.009Z,-20,10,0,25,0,0,
62,6,6,user,user18,entry,2025-06-18T12:10:31.009Z,0,10,0,0,0,0,
63,5,5,bot,bot6,score_posted,2025-06-18T12:10:31.009Z,-30,0,0,25,588,0,
64,6,6,user,user18,score_posted,2025-06-18T12:10:31.009Z,0,0,0,0,281,0,
65,5,5,bot,bot6,settlement,2025-06-18T12:10:31.009Z,-5,0,25,0,588,1,win
66,5,5,user,user17,settlement,2025-06-18T12:10:31.009Z,0,0,10,0,580,2,win
67,5,5,user,user13,settlement,2025-06-18T12:10:31.009Z,0,0,0,0,393,3,loss
68,5,5,user,user15,settlement,2025-06-18T12:10:31.009Z,0,0,0,0,216,4,loss
69,6,6,user,user16,settlement,2025-06-18T12:10:31.009Z,0,0,25,0,956,1,win
70,6,6,bot,bot5,settlement,2025-06-18T12:10:31.009Z,5,0,10,0,803,2,win
71,6,6,user,user14,settlement,2025-06-18T12:10:31.009Z,0,0,0,0,801,3,loss
72,6,6,user,user18,settlement,2025-06-18T12:10:31.009Z,0,0,0,0,281,4,loss
73,7,7,user,user19,entry,2025-06-18T12:12:31.009Z,0,10,0,0,0,0,
74,8,8,user,user20,entry,2025-06-18T12:12:31.009Z,0,10,0,0,0,0,
75,7,7,user,user19,score_posted,2025-06-18T12:12:31.009Z,0,0,0,0,812,0,
76,8,8,user,user20,score_posted,2025-06-18T12:12:31.009Z,0,0,0,0,493,0,
77,7,7,user,user21,entry,2025-06-18T12:13:31.009Z,0,10,0,0,0,0,
78,8,8,user,user22,entry,2025-06-18T12:13:31.009Z,0,10,0,0,0,0,
79,7,7,user,user21,score_posted,2025-06-18T12:13:31.009Z,0,0,0,0,688,0,
80,8,8,user,user22,score_posted,2025-06-18T12:13:31.009Z,0,0,0,0,735,0,
81,7,7,bot,bot7,entry,2025-06-18T12:14:31.009Z,5,10,0,10,0,0,
82,8,8,user,user23,entry,2025-06-18T12:14:31.009Z,0,10,0,0,0,0,
83,7,7,bot,bot7,score_posted,2025-06-18T12:14:31.009Z,-5,0,0,10,695,0,
84,8,8,user,user23,score_posted,2025-06-18T12:14:31.009Z,0,0,0,0,506,0,
85,7,7,user,user24,entry,2025-06-18T12:15:31.009Z,0,10,0,0,0,0,
86,8,8,bot,bot8,entry,2025-06-18T12:15:31.009Z,-5,10,0,10,0,0,
87,7,7,user,user24,score_posted,2025-06-18T12:15:31.009Z,0,0,0,0,768,0,
88,8,8,bot,bot8,score_posted,2025-06-18T12:15:31.009Z,-15,0,0,10,507,0,
89,7,7,user,user19,settlement,2025-06-18T12:15:31.009Z,0,0,25,0,812,1,win
90,7,7,user,user24,settlement,2025-06-18T12:15:31.009Z,0,0,10,0,768,2,win
91,7,7,bot,bot7,settlement,2025-06-18T12:15:31.009Z,-5,0,0,0,695,3,loss
92,7,7,user,user21,settlement,2025-06-18T12:15:31.009Z,0,0,0,0,688,4,loss
93,8,8,user,user22,settlement,2025-06-18T12:15:31.009Z,0,0,25,0,735,1,win
94,8,8,bot,bot8,settlement,2025-06-18T12:15:31.009Z,-5,0,10,0,507,2,win
95,8,8,user,user23,settlement,2025-06-18T12:15:31.009Z,0,0,0,0,506,3,loss
96,8,8,user,user20,settlement,2025-06-18T12:15:31.009Z,0,0,0,0,493,4,loss
97,9,9,user,user25,entry,2025-06-18T12:17:31.009Z,0,10,0,0,0,0,
98,10,10,user,user26,entry,2025-06-18T12:17:31.009Z,0,10,0,0,0,0,
99,9,9,user,user25,score_posted,2025-06-18T12:17:31.009Z,0,0,0,0,826,0,
100,10,10,user,user26,score_posted,2025-06-18T12:17:31.009Z,0,0,0,0,65,0,
101,9,9,bot,bot9,entry,2025-06-18T12:18:31.009Z,-5,10,0,10,0,0,
102,10,10,bot,bot10,entry,2025-06-18T12:18:31.009Z,-15,10,0,25,0,0,
103,9,9,bot,bot9,score_posted,2025-06-18T12:18:31.009Z,-15,0,0,10,7,0,
104,10,10,bot,bot10,score_posted,2025-06-18T12:18:31.009Z,-25,0,0,25,69,0,
105,9,9,user,user27,entry,2025-06-18T12:19:31.009Z,0,10,0,0,0,0,
106,10,10,user,user28,entry,2025-06-18T12:19:31.009Z,0,10,0,0,0,0,
107,9,9,user,user27,score_posted,2025-06-18T12:19:31.009Z,0,0,0,0,773,0,
108,10,10,user,user28,score_posted,2025-06-18T12:19:31.009Z,0,0,0,0,250,0,
109,9,9,bot,bot11,entry,2025-06-18T12:20:31.009Z,-25,10,0,25,0,0,
110,10,10,user,user29,entry,2025-06-18T12:20:31.009Z,0,10,0,0,0,0,
111,9,9,bot,bot11,score_posted,2025-06-18T12:20:31.009Z,-35,0,0,25,832,0,
112,10,10,user,user29,score_posted,2025-06-18T12:20:31.009Z,0,0,0,0,817,0,
113,9,9,bot,bot11,settlement,2025-06-18T12:20:31.009Z,-10,0,25,0,832,1,win
114,9,9,user,user25,settlement,2025-06-18T12:20:31.009Z,0,0,10,0,826,2,win
115,9,9,user,user27,settlement,2025-06-18T12:20:31.009Z,0,0,0,0,773,3,loss
116,9,9,bot,bot9,settlement,2025-06-18T12:20:31.009Z,-10,0,0,0,7,4,loss
117,10,10,user,user29,settlement,2025-06-18T12:20:31.009Z,0,0,25,0,817,1,win
118,10,10,user,user28,settlement,2025-06-18T12:20:31.009Z,0,0,10,0,250,2,win
119,10,10,bot,bot10,settlement,2025-06-18T12:20:31.009Z,-10,0,0,0,69,3,loss
120,10,10,user,user26,settlement,2025-06-18T12:20:31.009Z,0,0,0,0,65,4,loss
121,11,11,user,user30,entry,2025-06-18T12:22:31.009Z,0,10,0,0,0,0,
122,12,12,user,user31,entry,2025-06-18T12:22:31.009Z,0,10,0,0,0,0,
123,11,11,user,user30,score_posted,2025-06-18T12:22:31.009Z,0,0,0,0,513,0,
124,12,12,user,user31,score_posted,2025-06-18T12:22:31.009Z,0,0,0,0,625,0,
125,11,11,user,user32,entry,2025-06-18T12:23:31.009Z,0,10,0,0,0,0,
126,12,12,user,user33,entry,2025-06-18T12:23:31.009Z,0,10,0,0,0,0,
127,11,11,user,user32,score_posted,2025-06-18T12:23:31.009Z,0,0,0,0,66,0,
128,12,12,user,user33,score_posted,2025-06-18T12:23:31.009Z,0,0,0,0,247,0,
129,11,11,user,user34,entry,2025-06-18T12:24:31.009Z,0,10,0,0,0,0,
130,12,12,bot,bot12,entry,2025-06-18T12:24:31.009Z,-10,10,0,10,0,0,
131,11,11,user,user34,score_posted,2025-06-18T12:24:31.009Z,0,0,0,0,820,0,
132,12,12,bot,bot12,score_posted,2025-06-18T12:24:31.009Z,-20,0,0,10,250,0,
133,11,11,bot,bot13,entry,2025-06-18T12:25:31.009Z,-20,10,0,25,0,0,
134,12,12,user,user35,entry,2025-06-18T12:25:31.009Z,0,10,0,0,0,0,
135,11,11,bot,bot13,score_posted,2025-06-18T12:25:31.009Z,-30,0,0,25,829,0,
136,12,12,user,user35,score_posted,2025-06-18T12:25:31.009Z,0,0,0,0,605,0,
137,11,11,bot,bot13,settlement,2025-06-18T12:25:31.009Z,-5,0,25,0,829,1,win
138,11,11,user,user34,settlement,2025-06-18T12:25:31.009Z,0,0,10,0,820,2,win
139,11,11,user,user30,settlement,2025-06-18T12:25:31.009Z,0,0,0,0,513,3,loss
140,11,11,user,user32,settlement,2025-06-18T12:25:31.009Z,0,0,0,0,66,4,loss
141,12,12,user,user31,settlement,2025-06-18T12:25:31.009Z,0,0,25,0,625,1,win
142,12,12,user,user35,settlement,2025-06-18T12:25:31.009Z,0,0,10,0,605,2,win
143,12,12,bot,bot12,settlement,2025-06-18T12:25:31.009Z,-5,0,0,0,250,3,loss
144,12,12,user,user33,settlement,2025-06-18T12:25:31.009Z,0,0,0,0,247,4,loss
145,13,13,user,user36,entry,2025-06-18T12:27:31.009Z,0,10,0,0,0,0,
146,14,14,user,user37,entry,2025-06-18T12:27:31.009Z,0,10,0,0,0,0,
147,13,13,user,user36,score_posted,2025-06-18T12:27:31.009Z,0,0,0,0,516,0,
148,14,14,user,user37,score_posted,2025-06-18T12:27:31.009Z,0,0,0,0,446,0,
149,13,13,user,user38,entry,2025-06-18T12:28:31.009Z,0,10,0,0,0,0,
150,14,14,bot,bot14,entry,2025-06-18T12:28:31.009Z,-5,10,0,10,0,0,
151,13,13,user,user38,score_posted,2025-06-18T12:28:31.009Z,0,0,0,0,151,0,
152,14,14,bot,bot14,score_posted,2025-06-18T12:28:31.009Z,-15,0,0,10,4,0,
153,13,13,bot,bot15,entry,2025-06-18T12:29:31.009Z,-15,10,0,25,0,0,
154,14,14,user,user39,entry,2025-06-18T12:29:31.009Z,0,10,0,0,0,0,
155,13,13,bot,bot15,score_posted,2025-06-18T12:29:31.009Z,-25,0,0,25,520,0,
156,14,14,user,user39,score_posted,2025-06-18T12:29:31.009Z,0,0,0,0,19,0,
157,13,13,user,user40,entry,2025-06-18T12:30:31.009Z,0,10,0,0,0,0,
158,14,14,bot,bot16,entry,2025-06-18T12:30:31.009Z,-15,10,0,25,0,0,
159,13,13,user,user40,score_posted,2025-06-18T12:30:31.009Z,0,0,0,0,818,0,
160,14,14,bot,bot16,score_posted,2025-06-18T12:30:31.009Z,-25,0,0,25,456,0,
161,13,13,user,user40,settlement,2025-06-18T12:30:31.009Z,0,0,25,0,818,1,win
162,13,13,bot,bot15,settlement,2025-06-18T12:30:31.009Z,-15,0,10,0,520,2,win
163,13,13,user,user36,settlement,2025-06-18T12:30:31.009Z,0,0,0,0,516,3,loss
164,13,13,user,user38,settlement,2025-06-18T12:30:31.009Z,0,0,0,0,151,4,loss
165,14,14,bot,bot16,settlement,2025-06-18T12:30:31.009Z,0,0,25,0,456,1,win
166,14,14,user,user37,settlement,2025-06-18T12:30:31.009Z,0,0,10,0,446,2,win
167,14,14,user,user39,settlement,2025-06-18T12:30:31.009Z,0,0,0,0,19,3,loss
168,14,14,bot,bot14,settlement,2025-06-18T12:30:31.009Z,0,0,0,0,4,4,loss
169,15,15,user,user41,entry,2025-06-18T12:32:31.009Z,0,10,0,0,0,0,
170,16,16,user,user42,entry,2025-06-18T12:32:31.009Z,0,10,0,0,0,0,
171,15,15,user,user41,score_posted,2025-06-18T12:32:31.009Z,0,0,0,0,954,0,
172,16,16,user,user42,score_posted,2025-06-18T12:32:31.009Z,0,0,0,0,662,0,
173,15,15,bot,bot17,entry,2025-06-18T12:33:31.009Z,0,10,0,10,0,0,
174,16,16,user,user43,entry,2025-06-18T12:33:31.009Z,0,10,0,0,0,0,
175,15,15,bot,bot17,score_posted,2025-06-18T12:33:31.009Z,-10,0,0,10,5,0,
176,16,16,user,user43,score_posted,2025-06-18T12:33:31.009Z,0,0,0,0,924,0,
177,15,15,user,user44,entry,2025-06-18T12:34:31.009Z,0,10,0,0,0,0,
178,16,16,user,user45,entry,2025-06-18T12:34:31.009Z,0,10,0,0,0,0,
179,15,15,user,user44,score_posted,2025-06-18T12:34:31.009Z,0,0,0,0,125,0,
180,16,16,user,user45,score_posted,2025-06-18T12:34:31.009Z,0,0,0,0,558,0,
181,15,15,user,user46,entry,2025-06-18T12:35:31.009Z,0,10,0,0,0,0,
182,16,16,bot,bot18,entry,2025-06-18T12:35:31.009Z,-10,10,0,10,0,0,
183,15,15,user,user46,score_posted,2025-06-18T12:35:31.009Z,0,0,0,0,669,0,
184,16,16,bot,bot18,score_posted,2025-06-18T12:35:31.009Z,-20,0,0,10,671,0,
185,15,15,user,user41,settlement,2025-06-18T12:35:31.009Z,0,0,25,0,954,1,win
186,15,15,user,user46,settlement,2025-06-18T12:35:31.009Z,0,0,10,0,669,2,win
187,15,15,user,user44,settlement,2025-06-18T12:35:31.009Z,0,0,0,0,125,3,loss
188,15,15,bot,bot17,settlement,2025-06-18T12:35:31.009Z,-10,0,0,0,5,4,loss
189,16,16,user,user43,settlement,2025-06-18T12:35:31.009Z,0,0,25,0,924,1,win
190,16,16,bot,bot18,settlement,2025-06-18T12:35:31.009Z,-10,0,10,0,671,2,win
191,16,16,user,user42,settlement,2025-06-18T12:35:31.009Z,0,0,0,0,662,3,loss
192,16,16,user,user45,settlement,2025-06-18T12:35:31.009Z,0,0,0,0,558,4,loss
193,17,17,user,user47,entry,2025-06-18T12:37:31.009Z,0,10,0,0,0,0,
194,18,18,user,user48,entry,2025-06-18T12:37:31.009Z,0,10,0,0,0,0,
195,17,17,user,user47,score_posted,2025-06-18T12:37:31.009Z,0,0,0,0,292,0,
196,18,18,user,user48,score_posted,2025-06-18T12:37:31.009Z,0,0,0,0,899,0,
197,17,17,bot,bot19,entry,2025-06-18T12:38:31.009Z,-10,10,0,10,0,0,
198,18,18,user,user49,entry,2025-06-18T12:38:31.009Z,0,10,0,0,0,0,
199,17,17,bot,bot19,score_posted,2025-06-18T12:38:31.009Z,-20,0,0,10,9,0,
200,18,18,user,user49,score_posted,2025-06-18T12:38:31.009Z,0,0,0,0,912,0,
201,17,17,user,user50,entry,2025-06-18T12:39:31.009Z,0,10,0,0,0,0,
202,18,18,bot,bot20,entry,2025-06-18T12:39:31.009Z,-20,10,0,25,0,0,
203,17,17,user,user50,score_posted,2025-06-18T12:39:31.009Z,0,0,0,0,677,0,
204,18,18,bot,bot20,score_posted,2025-06-18T12:39:31.009Z,-30,0,0,25,916,0,
205,17,17,bot,bot21,entry,2025-06-18T12:40:31.009Z,-30,10,0,25,0,0,
206,18,18,user,user51,entry,2025-06-18T12:40:31.009Z,0,10,0,0,0,0,
207,17,17,bot,bot21,score_posted,2025-06-18T12:40:31.009Z,-40,0,0,25,686,0,
208,18,18,user,user51,score_posted,2025-06-18T12:40:31.009Z,0,0,0,0,990,0,
209,17,17,bot,bot21,settlement,2025-06-18T12:40:31.009Z,-15,0,25,0,686,1,win
210,17,17,user,user50,settlement,2025-06-18T12:40:31.009Z,0,0,10,0,677,2,win
211,17,17,user,user47,settlement,2025-06-18T12:40:31.009Z,0,0,0,0,292,3,loss
212,17,17,bot,bot19,settlement,2025-06-18T12:40:31.009Z,-15,0,0,0,9,4,loss
213,18,18,user,user51,settlement,2025-06-18T12:40:31.009Z,0,0,25,0,990,1,win
214,18,18,bot,bot20,settlement,2025-06-18T12:40:31.009Z,-5,0,10,0,916,2,win
215,18,18,user,user49,settlement,2025-06-18T12:40:31.009Z,0,0,0,0,912,3,loss
216,18,18,user,user48,settlement,2025-06-18T12:40:31.009Z,0,0,0,0,899,4,loss
217,19,19,user,user52,entry,2025-06-18T12:42:31.009Z,0,10,0,0,0,0,
218,20,20,user,user53,entry,2025-06-18T12:42:31.009Z,0,10,0,0,0,0,
219,19,19,user,user52,score_posted,2025-06-18T12:42:31.009Z,0,0,0,0,552,0,
220,20,20,user,user53,score_posted,2025-06-18T12:42:31.009Z,0,0,0,0,798,0,
221,19,19,user,user54,entry,2025-06-18T12:43:31.009Z,0,10,0,0,0,0,
222,20,20,user,user55,entry,2025-06-18T12:43:31.009Z,0,10,0,0,0,0,
223,19,19,user,user54,score_posted,2025-06-18T12:43:31.009Z,0,0,0,0,133,0,
224,20,20,user,user55,score_posted,2025-06-18T12:43:31.009Z,0,0,0,0,260,0,
225,19,19,bot,bot22,entry,2025-06-18T12:44:31.009Z,-5,10,0,10,0,0,
226,20,20,user,user56,entry,2025-06-18T12:44:31.009Z,0,10,0,0,0,0,
227,19,19,bot,bot22,score_posted,2025-06-18T12:44:31.009Z,-15,0,0,10,139,0,
228,20,20,user,user56,score_posted,2025-06-18T12:44:31.009Z,0,0,0,0,797,0,
229,19,19,user,user57,entry,2025-06-18T12:45:31.009Z,0,10,0,0,0,0,
230,20,20,bot,bot23,entry,2025-06-18T12:45:31.009Z,-15,10,0,25,0,0,
231,19,19,user,user57,score_posted,2025-06-18T12:45:31.009Z,0,0,0,0,923,0,
232,20,20,bot,bot23,score_posted,2025-06-18T12:45:31.009Z,-25,0,0,25,802,0,
233,19,19,user,user57,settlement,2025-06-18T12:45:31.009Z,0,0,25,0,923,1,win
234,19,19,user,user52,settlement,2025-06-18T12:45:31.009Z,0,0,10,0,552,2,win
235,19,19,bot,bot22,settlement,2025-06-18T12:45:31.009Z,-15,0,0,0,139,3,loss
236,19,19,user,user54,settlement,2025-06-18T12:45:31.009Z,0,0,0,0,133,4,loss
237,20,20,bot,bot23,settlement,2025-06-18T12:45:31.009Z,0,0,25,0,802,1,win
238,20,20,user,user53,settlement,2025-06-18T12:45:31.009Z,0,0,10,0,798,2,win
239,20,20,user,user56,settlement,2025-06-18T12:45:31.009Z,0,0,0,0,797,3,loss
240,20,20,user,user55,settlement,2025-06-18T12:45:31.009Z,0,0,0,0,260,4,loss
241,21,21,user,user58,entry,2025-06-18T12:47:31.009Z,0,10,0,0,0,0,
242,22,22,user,user59,entry,2025-06-18T12:47:31.009Z,0,10,0,0,0,0,
243,21,21,user,user58,score_posted,2025-06-18T12:47:31.009Z,0,0,0,0,961,0,
244,22,22,user,user59,score_posted,2025-06-18T12:47:31.009Z,0,0,0,0,615,0,
245,21,21,user,user60,entry,2025-06-18T12:48:31.009Z,0,10,0,0,0,0,
246,22,22,user,user61,entry,2025-06-18T12:48:31.009Z,0,10,0,0,0,0,
247,21,21,user,user60,score_posted,2025-06-18T12:48:31.009Z,0,0,0,0,295,0,
248,22,22,user,user61,score_posted,2025-06-18T12:48:31.009Z,0,0,0,0,665,0,
249,21,21,bot,bot24,entry,2025-06-18T12:49:31.009Z,0,10,0,10,0,0,
250,22,22,user,user62,entry,2025-06-18T12:49:31.009Z,0,10,0,0,0,0,
251,21,21,bot,bot24,score_posted,2025-06-18T12:49:31.009Z,-10,0,0,10,305,0,
252,22,22,user,user62,score_posted,2025-06-18T12:49:31.009Z,0,0,0,0,12,0,
253,21,21,user,user63,entry,2025-06-18T12:50:31.009Z,0,10,0,0,0,0,
254,22,22,bot,bot25,entry,2025-06-18T12:50:31.009Z,-10,10,0,10,0,0,
255,21,21,user,user63,score_posted,2025-06-18T12:50:31.009Z,0,0,0,0,872,0,
256,22,22,bot,bot25,score_posted,2025-06-18T12:50:31.009Z,-20,0,0,10,620,0,
257,21,21,user,user58,settlement,2025-06-18T12:50:31.009Z,0,0,25,0,961,1,win
258,21,21,user,user63,settlement,2025-06-18T12:50:31.009Z,0,0,10,0,872,2,win
259,21,21,bot,bot24,settlement,2025-06-18T12:50:31.009Z,-10,0,0,0,305,3,loss
260,21,21,user,user60,settlement,2025-06-18T12:50:31.009Z,0,0,0,0,295,4,loss
261,22,22,user,user61,settlement,2025-06-18T12:50:31.009Z,0,0,25,0,665,1,win
262,22,22,bot,bot25,settlement,2025-06-18T12:50:31.009Z,-10,0,10,0,620,2,win
263,22,22,user,user59,settlement,2025-06-18T12:50:31.009Z,0,0,0,0,615,3,loss
264,22,22,user,user62,settlement,2025-06-18T12:50:31.009Z,0,0,0,0,12,4,loss
265,23,23,user,user64,entry,2025-06-18T12:52:31.009Z,0,10,0,0,0,0,
266,24,24,user,user65,entry,2025-06-18T12:52:31.009Z,0,10,0,0,0,0,
267,23,23,user,user64,score_posted,2025-06-18T12:52:31.009Z,0,0,0,0,291,0,
268,24,24,user,user65,score_posted,2025-06-18T12:52:31.009Z,0,0,0,0,533,0,
269,23,23,bot,bot26,entry,2025-06-18T12:53:31.009Z,-10,10,0,10,0,0,
270,24,24,user,user66,entry,2025-06-18T12:53:31.009Z,0,10,0,0,0,0,
271,23,23,bot,bot26,score_posted,2025-06-18T12:53:31.009Z,-20,0,0,10,6,0,
272,24,24,user,user66,score_posted,2025-06-18T12:53:31.009Z,0,0,0,0,774,0,
273,23,23,user,user67,entry,2025-06-18T12:54:31.009Z,0,10,0,0,0,0,
274,24,24,user,user68,entry,2025-06-18T12:54:31.009Z,0,10,0,0,0,0,
275,23,23,user,user67,score_posted,2025-06-18T12:54:31.009Z,0,0,0,0,240,0,
276,24,24,user,user68,score_posted,2025-06-18T12:54:31.009Z,0,0,0,0,988,0,
277,23,23,user,user69,entry,2025-06-18T12:55:31.009Z,0,10,0,0,0,0,
278,24,24,bot,bot27,entry,2025-06-18T12:55:31.009Z,-20,10,0,25,0,0,
279,23,23,user,user69,score_posted,2025-06-18T12:55:31.009Z,0,0,0,0,282,0,
280,24,24,bot,bot27,score_posted,2025-06-18T12:55:31.009Z,-30,0,0,25,989,0,
281,23,23,user,user64,settlement,2025-06-18T12:55:31.009Z,0,0,25,0,291,1,win
282,23,23,user,user69,settlement,2025-06-18T12:55:31.009Z,0,0,10,0,282,2,win
283,23,23,user,user67,settlement,2025-06-18T12:55:31.009Z,0,0,0,0,240,3,loss
284,23,23,bot,bot26,settlement,2025-06-18T12:55:31.009Z,-20,0,0,0,6,4,loss
285,24,24,bot,bot27,settlement,2025-06-18T12:55:31.009Z,-5,0,25,0,989,1,win
286,24,24,user,user68,settlement,2025-06-18T12:55:31.009Z,0,0,10,0,988,2,win
287,24,24,user,user66,settlement,2025-06-18T12:55:31.009Z,0,0,0,0,774,3,loss
288,24,24,user,user65,settlement,2025-06-18T12:55:31.009Z,0,0,0,0,533,4,loss
289,25,25,user,user70,entry,2025-06-18T12:57:31.009Z,0,10,0,0,0,0,
290,26,26,user,user71,entry,2025-06-18T12:57:31.009Z,0,10,0,0,0,0,
291,25,25,user,user70,score_posted,2025-06-18T12:57:31.009Z,0,0,0,0,919,0,
292,26,26,user,user71,score_posted,2025-06-18T12:57:31.009Z,0,0,0,0,497,0,
293,25,25,user,user72,entry,2025-06-18T12:58:31.009Z,0,10,0,0,0,0,
294,26,26,user,user73,entry,2025-06-18T12:58:31.009Z,0,10,0,0,0,0,
295,25,25,user,user72,score_posted,2025-06-18T12:58:31.009Z,0,0,0,0,894,0,
296,26,26,user,user73,score_posted,2025-06-18T12:58:31.009Z,0,0,0,0,183,0,
297,25,25,bot,bot28,entry,2025-06-18T12:59:31.009Z,-5,10,0,10,0,0,
298,26,26,user,user74,entry,2025-06-18T12:59:31.009Z,0,10,0,0,0,0,
299,25,25,bot,bot28,score_posted,2025-06-18T12:59:31.009Z,-15,0,0,10,903,0,
300,26,26,user,user74,score_posted,2025-06-18T12:59:31.009Z,0,0,0,0,238,0,
301,25,25,user,user75,entry,2025-06-18T13:00:31.009Z,0,10,0,0,0,0,
302,26,26,bot,bot29,entry,2025-06-18T13:00:31.009Z,-5,10,0,10,0,0,
303,25,25,user,user75,score_posted,2025-06-18T13:00:31.009Z,0,0,0,0,456,0,
304,26,26,bot,bot29,score_posted,2025-06-18T13:00:31.009Z,-15,0,0,10,248,0,
305,25,25,user,user70,settlement,2025-06-18T13:00:31.009Z,0,0,25,0,919,1,win
306,25,25,bot,bot28,settlement,2025-06-18T13:00:31.009Z,-5,0,10,0,903,2,win
307,25,25,user,user72,settlement,2025-06-18T13:00:31.009Z,0,0,0,0,894,3,loss
308,25,25,user,user75,settlement,2025-06-18T13:00:31.009Z,0,0,0,0,456,4,loss
309,26,26,user,user71,settlement,2025-06-18T13:00:31.009Z,0,0,25,0,497,1,win
310,26,26,bot,bot29,settlement,2025-06-18T13:00:31.009Z,-5,0,10,0,248,2,win
311,26,26,user,user74,settlement,2025-06-18T13:00:31.009Z,0,0,0,0,238,3,loss
312,26,26,user,user73,settlement,2025-06-18T13:00:31.009Z,0,0,0,0,183,4,loss
313,27,27,user,user76,entry,2025-06-18T13:02:31.009Z,0,10,0,0,0,0,
314,28,28,user,user77,entry,2025-06-18T13:02:31.009Z,0,10,0,0,0,0,
315,27,27,user,user76,score_posted,2025-06-18T13:02:31.009Z,0,0,0,0,277,0,
316,28,28,user,user77,score_posted,2025-06-18T13:02:31.009Z,0,0,0,0,20,0,
317,27,27,user,user78,entry,2025-06-18T13:03:31.009Z,0,10,0,0,0,0,
318,28,28,user,user79,entry,2025-06-18T13:03:31.009Z,0,10,0,0,0,0,
319,27,27,user,user78,score_posted,2025-06-18T13:03:31.009Z,0,0,0,0,976,0,
320,28,28,user,user79,score_posted,2025-06-18T13:03:31.009Z,0,0,0,0,201,0,
321,27,27,user,user80,entry,2025-06-18T13:04:31.009Z,0,10,0,0,0,0,
322,28,28,user,user81,entry,2025-06-18T13:04:31.009Z,0,10,0,0,0,0,
323,27,27,user,user80,score_posted,2025-06-18T13:04:31.009Z,0,0,0,0,808,0,
324,28,28,user,user81,score_posted,2025-06-18T13:04:31.009Z,0,0,0,0,177,0,
325,27,27,bot,bot30,entry,2025-06-18T13:05:31.009Z,-5,10,0,10,0,0,
326,28,28,bot,bot31,entry,2025-06-18T13:05:31.009Z,-5,10,0,10,0,0,
327,27,27,bot,bot30,score_posted,2025-06-18T13:05:31.009Z,-15,0,0,10,815,0,
328,28,28,bot,bot31,score_posted,2025-06-18T13:05:31.009Z,-15,0,0,10,179,0,
329,27,27,user,user78,settlement,2025-06-18T13:05:31.009Z,0,0,25,0,976,1,win
330,27,27,bot,bot30,settlement,2025-06-18T13:05:31.009Z,-5,0,10,0,815,2,win
331,27,27,user,user80,settlement,2025-06-18T13:05:31.009Z,0,0,0,0,808,3,loss
332,27,27,user,user76,settlement,2025-06-18T13:05:31.009Z,0,0,0,0,277,4,loss
333,28,28,user,user79,settlement,2025-06-18T13:05:31.009Z,0,0,25,0,201,1,win
334,28,28,bot,bot31,settlement,2025-06-18T13:05:31.009Z,-5,0,10,0,179,2,win
335,28,28,user,user81,settlement,2025-06-18T13:05:31.009Z,0,0,0,0,177,3,loss
336,28,28,user,user77,settlement,2025-06-18T13:05:31.009Z,0,0,0,0,20,4,loss
337,29,29,user,user82,entry,2025-06-18T13:07:31.009Z,0,10,0,0,0,0,
338,30,30,user,user83,entry,2025-06-18T13:07:31.009Z,0,10,0,0,0,0,
339,29,29,user,user82,score_posted,2025-06-18T13:07:31.009Z,0,0,0,0,632,0,
340,30,30,user,user83,score_posted,2025-06-18T13:07:31.009Z,0,0,0,0,484,0,
341,29,29,bot,bot32,entry,2025-06-18T13:08:31.009Z,-5,10,0,10,0,0,
342,30,30,user,user84,entry,2025-06-18T13:08:31.009Z,0,10,0,0,0,0,
343,29,29,bot,bot32,score_posted,2025-06-18T13:08:31.009Z,-15,0,0,10,4,0,
344,30,30,user,user84,score_posted,2025-06-18T13:08:31.009Z,0,0,0,0,846,0,
345,29,29,user,user85,entry,2025-06-18T13:09:31.009Z,0,10,0,0,0,0,
346,30,30,bot,bot33,entry,2025-06-18T13:09:31.009Z,-15,10,0,25,0,0,
347,29,29,user,user85,score_posted,2025-06-18T13:09:31.009Z,0,0,0,0,755,0,
348,30,30,bot,bot33,score_posted,2025-06-18T13:09:31.009Z,-25,0,0,25,850,0,
349,29,29,user,user86,entry,2025-06-18T13:10:31.009Z,0,10,0,0,0,0,
350,30,30,user,user87,entry,2025-06-18T13:10:31.009Z,0,10,0,0,0,0,
351,29,29,user,user86,score_posted,2025-06-18T13:10:31.009Z,0,0,0,0,132,0,
352,30,30,user,user87,score_posted,2025-06-18T13:10:31.009Z,0,0,0,0,771,0,
353,29,29,user,user85,settlement,2025-06-18T13:10:31.009Z,0,0,25,0,755,1,win
354,29,29,user,user82,settlement,2025-06-18T13:10:31.009Z,0,0,10,0,632,2,win
355,29,29,user,user86,settlement,2025-06-18T13:10:31.009Z,0,0,0,0,132,3,loss
356,29,29,bot,bot32,settlement,2025-06-18T13:10:31.009Z,-25,0,0,0,4,4,loss
357,30,30,bot,bot33,settlement,2025-06-18T13:10:31.009Z,0,0,25,0,850,1,win
358,30,30,user,user84,settlement,2025-06-18T13:10:31.009Z,0,0,10,0,846,2,win
359,30,30,user,user87,settlement,2025-06-18T13:10:31.009Z,0,0,0,0,771,3,loss
360,30,30,user,user83,settlement,2025-06-18T13:10:31.009Z,0,0,0,0,484,4,loss
361,31,31,user,user88,entry,2025-06-18T13:12:31.009Z,0,10,0,0,0,0,
362,32,32,user,user89,entry,2025-06-18T13:12:31.009Z,0,10,0,0,0,0,
363,31,31,user,user88,score_posted,2025-06-18T13:12:31.009Z,0,0,0,0,432,0,
364,32,32,user,user89,score_posted,2025-06-18T13:12:31.009Z,0,0,0,0,427,0,
365,31,31,user,user90,entry,2025-06-18T13:13:31.009Z,0,10,0,0,0,0,
366,32,32,user,user91,entry,2025-06-18T13:13:31.009Z,0,10,0,0,0,0,
367,31,31,user,user90,score_posted,2025-06-18T13:13:31.009Z,0,0,0,0,680,0,
368,32,32,user,user91,score_posted,2025-06-18T13:13:31.009Z,0,0,0,0,778,0,
369,31,31,user,user92,entry,2025-06-18T13:14:31.009Z,0,10,0,0,0,0,
370,32,32,user,user93,entry,2025-06-18T13:14:31.009Z,0,10,0,0,0,0,
371,31,31,user,user92,score_posted,2025-06-18T13:14:31.009Z,0,0,0,0,844,0,
372,32,32,user,user93,score_posted,2025-06-18T13:14:31.009Z,0,0,0,0,827,0,
373,31,31,bot,bot34,entry,2025-06-18T13:15:31.009Z,0,10,0,10,0,0,
374,32,32,bot,bot35,entry,2025-06-18T13:15:31.009Z,0,10,0,10,0,0,
375,31,31,bot,bot34,score_posted,2025-06-18T13:15:31.009Z,-10,0,0,10,685,0,
376,32,32,bot,bot35,score_posted,2025-06-18T13:15:31.009Z,-10,0,0,10,788,0,
377,31,31,user,user92,settlement,2025-06-18T13:15:31.009Z,0,0,25,0,844,1,win
378,31,31,bot,bot34,settlement,2025-06-18T13:15:31.009Z,0,0,10,0,685,2,win
379,31,31,user,user90,settlement,2025-06-18T13:15:31.009Z,0,0,0,0,680,3,loss
380,31,31,user,user88,settlement,2025-06-18T13:15:31.009Z,0,0,0,0,432,4,loss
381,32,32,user,user93,settlement,2025-06-18T13:15:31.009Z,0,0,25,0,827,1,win
382,32,32,bot,bot35,settlement,2025-06-18T13:15:31.009Z,0,0,10,0,788,2,win
383,32,32,user,user91,settlement,2025-06-18T13:15:31.009Z,0,0,0,0,778,3,loss
384,32,32,user,user89,settlement,2025-06-18T13:15:31.009Z,0,0,0,0,427,4,loss
385,33,33,user,user94,entry,2025-06-18T13:17:31.009Z,0,10,0,0,0,0,
386,34,34,user,user95,entry,2025-06-18T13:17:31.009Z,0,10,0,0,0,0,
387,33,33,user,user94,score_posted,2025-06-18T13:17:31.009Z,0,0,0,0,626,0,
388,34,34,user,user95,score_posted,2025-06-18T13:17:31.009Z,0,0,0,0,863,0,
389,33,33,user,user96,entry,2025-06-18T13:18:31.009Z,0,10,0,0,0,0,
390,34,34,user,user97,entry,2025-06-18T13:18:31.009Z,0,10,0,0,0,0,
391,33,33,user,user96,score_posted,2025-06-18T13:18:31.009Z,0,0,0,0,91,0,
392,34,34,user,user97,score_posted,2025-06-18T13:18:31.009Z,0,0,0,0,678,0,
393,33,33,bot,bot36,entry,2025-06-18T13:19:31.009Z,0,10,0,10,0,0,
394,34,34,user,user98,entry,2025-06-18T13:19:31.009Z,0,10,0,0,0,0,
395,33,33,bot,bot36,score_posted,2025-06-18T13:19:31.009Z,-10,0,0,10,99,0,
396,34,34,user,user98,score_posted,2025-06-18T13:19:31.009Z,0,0,0,0,478,0,
397,33,33,user,user99,entry,2025-06-18T13:20:31.009Z,0,10,0,0,0,0,
398,34,34,bot,bot37,entry,2025-06-18T13:20:31.009Z,-10,10,0,10,0,0,
399,33,33,user,user99,score_posted,2025-06-18T13:20:31.009Z,0,0,0,0,838,0,
400,34,34,bot,bot37,score_posted,2025-06-18T13:20:31.009Z,-20,0,0,10,679,0,
401,33,33,user,user99,settlement,2025-06-18T13:20:31.009Z,0,0,25,0,838,1,win
402,33,33,user,user94,settlement,2025-06-18T13:20:31.009Z,0,0,10,0,626,2,win
403,33,33,bot,bot36,settlement,2025-06-18T13:20:31.009Z,-10,0,0,0,99,3,loss
404,33,33,user,user96,settlement,2025-06-18T13:20:31.009Z,0,0,0,0,91,4,loss
405,34,34,user,user95,settlement,2025-06-18T13:20:31.009Z,0,0,25,0,863,1,win
406,34,34,bot,bot37,settlement,2025-06-18T13:20:31.009Z,-10,0,10,0,679,2,win
407,34,34,user,user97,settlement,2025-06-18T13:20:31.009Z,0,0,0,0,678,3,loss
408,34,34,user,user98,settlement,2025-06-18T13:20:31.009Z,0,0,0,0,478,4,loss
409,35,35,user,user100,entry,2025-06-18T13:22:31.009Z,0,10,0,0,0,0,
410,36,36,user,user101,entry,2025-06-18T13:22:31.009Z,0,10,0,0,0,0,
411,35,35,user,user100,score_posted,2025-06-18T13:22:31.009Z,0,0,0,0,504,0,
412,36,36,user,user101,score_posted,2025-06-18T13:22:31.009Z,0,0,0,0,614,0,
413,35,35,user,user102,entry,2025-06-18T13:23:31.009Z,0,10,0,0,0,0,
414,36,36,bot,bot38,entry,2025-06-18T13:23:31.009Z,-10,10,0,10,0,0,
415,35,35,user,user102,score_posted,2025-06-18T13:23:31.009Z,0,0,0,0,35,0,
416,36,36,bot,bot38,score_posted,2025-06-18T13:23:31.009Z,-20,0,0,10,1,0,
417,35,35,user,user103,entry,2025-06-18T13:24:31.009Z,0,10,0,0,0,0,
418,36,36,user,user104,entry,2025-06-18T13:24:31.009Z,0,10,0,0,0,0,
419,35,35,user,user103,score_posted,2025-06-18T13:24:31.009Z,0,0,0,0,278,0,
420,36,36,user,user104,score_posted,2025-06-18T13:24:31.009Z,0,0,0,0,513,0,
421,35,35,bot,bot39,entry,2025-06-18T13:25:31.009Z,-20,10,0,25,0,0,
422,36,36,user,user105,entry,2025-06-18T13:25:31.009Z,0,10,0,0,0,0,
423,35,35,bot,bot39,score_posted,2025-06-18T13:25:31.009Z,-30,0,0,25,505,0,
424,36,36,user,user105,score_posted,2025-06-18T13:25:31.009Z,0,0,0,0,129,0,
425,35,35,bot,bot39,settlement,2025-06-18T13:25:31.009Z,-5,0,25,0,505,1,win
426,35,35,user,user100,settlement,2025-06-18T13:25:31.009Z,0,0,10,0,504,2,win
427,35,35,user,user103,settlement,2025-06-18T13:25:31.009Z,0,0,0,0,278,3,loss
428,35,35,user,user102,settlement,2025-06-18T13:25:31.009Z,0,0,0,0,35,4,loss
429,36,36,user,user101,settlement,2025-06-18T13:25:31.009Z,0,0,25,0,614,1,win
430,36,36,user,user104,settlement,2025-06-18T13:25:31.009Z,0,0,10,0,513,2,win
431,36,36,user,user105,settlement,2025-06-18T13:25:31.009Z,0,0,0,0,129,3,loss
432,36,36,bot,bot38,settlement,2025-06-18T13:25:31.009Z,-5,0,0,0,1,4,loss
433,37,37,user,user106,entry,2025-06-18T13:27:31.009Z,0,10,0,0,0,0,
434,38,38,user,user107,entry,2025-06-18T13:27:31.009Z,0,10,0,0,0,0,
435,37,37,user,user106,score_posted,2025-06-18T13:27:31.009Z,0,0,0,0,128,0,
436,38,38,user,user107,score_posted,2025-06-18T13:27:31.009Z,0,0,0,0,702,0,
437,37,37,user,user108,entry,2025-06-18T13:28:31.009Z,0,10,0,0,0,0,
438,38,38,bot,bot40,entry,2025-06-18T13:28:31.009Z,-5,10,0,10,0,0,
439,37,37,user,user108,score_posted,2025-06-18T13:28:31.009Z,0,0,0,0,626,0,
440,38,38,bot,bot40,score_posted,2025-06-18T13:28:31.009Z,-15,0,0,10,10,0,
441,37,37,user,user109,entry,2025-06-18T13:29:31.009Z,0,10,0,0,0,0,
442,38,38,user,user110,entry,2025-06-18T13:29:31.009Z,0,10,0,0,0,0,
443,37,37,user,user109,score_posted,2025-06-18T13:29:31.009Z,0,0,0,0,355,0,
444,38,38,user,user110,score_posted,2025-06-18T13:29:31.009Z,0,0,0,0,573,0,
445,37,37,bot,bot41,entry,2025-06-18T13:30:31.009Z,-15,10,0,25,0,0,
446,38,38,bot,bot42,entry,2025-06-18T13:30:31.009Z,0,10,0,10,0,0,
447,37,37,bot,bot41,score_posted,2025-06-18T13:30:31.009Z,-25,0,0,25,634,0,
448,38,38,bot,bot42,score_posted,2025-06-18T13:30:31.009Z,-10,0,0,10,581,0,
449,37,37,bot,bot41,settlement,2025-06-18T13:30:31.009Z,0,0,25,0,634,1,win
450,37,37,user,user108,settlement,2025-06-18T13:30:31.009Z,0,0,10,0,626,2,win
451,37,37,user,user109,settlement,2025-06-18T13:30:31.009Z,0,0,0,0,355,3,loss
452,37,37,user,user106,settlement,2025-06-18T13:30:31.009Z,0,0,0,0,128,4,loss
453,38,38,user,user107,settlement,2025-06-18T13:30:31.009Z,0,0,25,0,702,1,win
454,38,38,bot,bot42,settlement,2025-06-18T13:30:31.009Z,0,0,10,0,581,2,win
455,38,38,user,user110,settlement,2025-06-18T13:30:31.009Z,0,0,0,0,573,3,loss
456,38,38,bot,bot40,settlement,2025-06-18T13:30:31.009Z,0,0,0,0,10,4,loss
457,39,39,user,user111,entry,2025-06-18T13:32:31.009Z,0,10,0,0,0,0,
458,40,40,user,user112,entry,2025-06-18T13:32:31.009Z,0,10,0,0,0,0,
459,39,39,user,user111,score_posted,2025-06-18T13:32:31.009Z,0,0,0,0,851,0,
460,40,40,user,user112,score_posted,2025-06-18T13:32:31.009Z,0,0,0,0,902,0,
461,39,39,user,user113,entry,2025-06-18T13:33:31.009Z,0,10,0,0,0,0,
462,40,40,user,user114,entry,2025-06-18T13:33:31.009Z,0,10,0,0,0,0,
463,39,39,user,user113,score_posted,2025-06-18T13:33:31.009Z,0,0,0,0,309,0,
464,40,40,user,user114,score_posted,2025-06-18T13:33:31.009Z,0,0,0,0,833,0,
465,39,39,user,user115,entry,2025-06-18T13:34:31.009Z,0,10,0,0,0,0,
466,40,40,user,user116,entry,2025-06-18T13:34:31.009Z,0,10,0,0,0,0,
467,39,39,user,user115,score_posted,2025-06-18T13:34:31.009Z,0,0,0,0,765,0,
468,40,40,user,user116,score_posted,2025-06-18T13:34:31.009Z,0,0,0,0,917,0,
469,39,39,bot,bot43,entry,2025-06-18T13:35:31.009Z,0,10,0,10,0,0,
470,40,40,bot,bot44,entry,2025-06-18T13:35:31.009Z,0,10,0,10,0,0,
471,39,39,bot,bot43,score_posted,2025-06-18T13:35:31.009Z,-10,0,0,10,766,0,
472,40,40,bot,bot44,score_posted,2025-06-18T13:35:31.009Z,-10,0,0,10,911,0,
473,39,39,user,user111,settlement,2025-06-18T13:35:31.009Z,0,0,25,0,851,1,win
474,39,39,bot,bot43,settlement,2025-06-18T13:35:31.009Z,0,0,10,0,766,2,win
475,39,39,user,user115,settlement,2025-06-18T13:35:31.009Z,0,0,0,0,765,3,loss
476,39,39,user,user113,settlement,2025-06-18T13:35:31.009Z,0,0,0,0,309,4,loss
477,40,40,user,user116,settlement,2025-06-18T13:35:31.009Z,0,0,25,0,917,1,win
478,40,40,bot,bot44,settlement,2025-06-18T13:35:31.009Z,0,0,10,0,911,2,win
479,40,40,user,user112,settlement,2025-06-18T13:35:31.009Z,0,0,0,0,902,3,loss
480,40,40,user,user114,settlement,2025-06-18T13:35:31.009Z,0,0,0,0,833,4,loss
481,41,41,user,user117,entry,2025-06-18T13:37:31.009Z,0,10,0,0,0,0,
482,42,42,user,user118,entry,2025-06-18T13:37:31.009Z,0,10,0,0,0,0,
483,41,41,user,user117,score_posted,2025-06-18T13:37:31.009Z,0,0,0,0,107,0,
484,42,42,user,user118,score_posted,2025-06-18T13:37:31.009Z,0,0,0,0,753,0,
485,41,41,bot,bot45,entry,2025-06-18T13:38:31.009Z,0,10,0,10,0,0,
486,42,42,user,user119,entry,2025-06-18T13:38:31.009Z,0,10,0,0,0,0,
487,41,41,bot,bot45,score_posted,2025-06-18T13:38:31.009Z,-10,0,0,10,1,0,
488,42,42,user,user119,score_posted,2025-06-18T13:38:31.009Z,0,0,0,0,163,0,
489,41,41,user,user120,entry,2025-06-18T13:39:31.009Z,0,10,0,0,0,0,
490,42,42,bot,bot46,entry,2025-06-18T13:39:31.009Z,-10,10,0,10,0,0,
491,41,41,user,user120,score_posted,2025-06-18T13:39:31.009Z,0,0,0,0,54,0,
492,42,42,bot,bot46,score_posted,2025-06-18T13:39:31.009Z,-20,0,0,10,173,0,
493,41,41,user,user121,entry,2025-06-18T13:40:31.009Z,0,10,0,0,0,0,
494,42,42,user,user122,entry,2025-06-18T13:40:31.009Z,0,10,0,0,0,0,
495,41,41,user,user121,score_posted,2025-06-18T13:40:31.009Z,0,0,0,0,108,0,
496,42,42,user,user122,score_posted,2025-06-18T13:40:31.009Z,0,0,0,0,876,0,
497,41,41,user,user121,settlement,2025-06-18T13:40:31.009Z,0,0,25,0,108,1,win
498,41,41,user,user117,settlement,2025-06-18T13:40:31.009Z,0,0,10,0,107,2,win
499,41,41,user,user120,settlement,2025-06-18T13:40:31.009Z,0,0,0,0,54,3,loss
500,41,41,bot,bot45,settlement,2025-06-18T13:40:31.009Z,-20,0,0,0,1,4,loss
501,42,42,user,user122,settlement,2025-06-18T13:40:31.009Z,0,0,25,0,876,1,win
502,42,42,user,user118,settlement,2025-06-18T13:40:31.009Z,0,0,10,0,753,2,win
503,42,42,bot,bot46,settlement,2025-06-18T13:40:31.009Z,-20,0,0,0,173,3,loss
504,42,42,user,user119,settlement,2025-06-18T13:40:31.009Z,0,0,0,0,163,4,loss
505,43,43,user,user123,entry,2025-06-18T13:42:31.009Z,0,10,0,0,0,0,
506,44,44,user,user124,entry,2025-06-18T13:42:31.009Z,0,10,0,0,0,0,
507,43,43,user,user123,score_posted,2025-06-18T13:42:31.009Z,0,0,0,0,378,0,
508,44,44,user,user124,score_posted,2025-06-18T13:42:31.009Z,0,0,0,0,12,0,
509,43,43,user,user125,entry,2025-06-18T13:43:31.009Z,0,10,0,0,0,0,
510,44,44,user,user126,entry,2025-06-18T13:43:31.009Z,0,10,0,0,0,0,
511,43,43,user,user125,score_posted,2025-06-18T13:43:31.009Z,0,0,0,0,494,0,
512,44,44,user,user126,score_posted,2025-06-18T13:43:31.009Z,0,0,0,0,858,0,
513,43,43,bot,bot47,entry,2025-06-18T13:44:31.009Z,-20,10,0,25,0,0,
514,44,44,user,user127,entry,2025-06-18T13:44:31.009Z,0,10,0,0,0,0,
515,43,43,bot,bot47,score_posted,2025-06-18T13:44:31.009Z,-30,0,0,25,501,0,
516,44,44,user,user127,score_posted,2025-06-18T13:44:31.009Z,0,0,0,0,427,0,
517,43,43,user,user128,entry,2025-06-18T13:45:31.009Z,0,10,0,0,0,0,
518,44,44,bot,bot48,entry,2025-06-18T13:45:31.009Z,-5,10,0,10,0,0,
519,43,43,user,user128,score_posted,2025-06-18T13:45:31.009Z,0,0,0,0,33,0,
520,44,44,bot,bot48,score_posted,2025-06-18T13:45:31.009Z,-15,0,0,10,429,0,
521,43,43,bot,bot47,settlement,2025-06-18T13:45:31.009Z,-5,0,25,0,501,1,win
522,43,43,user,user125,settlement,2025-06-18T13:45:31.009Z,0,0,10,0,494,2,win
523,43,43,user,user123,settlement,2025-06-18T13:45:31.009Z,0,0,0,0,378,3,loss
524,43,43,user,user128,settlement,2025-06-18T13:45:31.009Z,0,0,0,0,33,4,loss
525,44,44,user,user126,settlement,2025-06-18T13:45:31.009Z,0,0,25,0,858,1,win
526,44,44,bot,bot48,settlement,2025-06-18T13:45:31.009Z,-5,0,10,0,429,2,win
527,44,44,user,user127,settlement,2025-06-18T13:45:31.009Z,0,0,0,0,427,3,loss
528,44,44,user,user124,settlement,2025-06-18T13:45:31.009Z,0,0,0,0,12,4,loss
529,45,45,user,user129,entry,2025-06-18T13:47:31.009Z,0,10,0,0,0,0,
530,46,46,user,user130,entry,2025-06-18T13:47:31.009Z,0,10,0,0,0,0,
531,45,45,user,user129,score_posted,2025-06-18T13:47:31.009Z,0,0,0,0,938,0,
532,46,46,user,user130,score_posted,2025-06-18T13:47:31.009Z,0,0,0,0,876,0,
533,45,45,user,user131,entry,2025-06-18T13:48:31.009Z,0,10,0,0,0,0,
534,46,46,user,user132,entry,2025-06-18T13:48:31.009Z,0,10,0,0,0,0,
535,45,45,user,user131,score_posted,2025-06-18T13:48:31.009Z,0,0,0,0,71,0,
536,46,46,user,user132,score_posted,2025-06-18T13:48:31.009Z,0,0,0,0,860,0,
537,45,45,user,user133,entry,2025-06-18T13:49:31.009Z,0,10,0,0,0,0,
538,46,46,user,user134,entry,2025-06-18T13:49:31.009Z,0,10,0,0,0,0,
539,45,45,user,user133,score_posted,2025-06-18T13:49:31.009Z,0,0,0,0,563,0,
540,46,46,user,user134,score_posted,2025-06-18T13:49:31.009Z,0,0,0,0,414,0,
541,45,45,bot,bot49,entry,2025-06-18T13:50:31.009Z,-5,10,0,10,0,0,
542,46,46,bot,bot50,entry,2025-06-18T13:50:31.009Z,-5,10,0,10,0,0,
543,45,45,bot,bot49,score_posted,2025-06-18T13:50:31.009Z,-15,0,0,10,564,0,
544,46,46,bot,bot50,score_posted,2025-06-18T13:50:31.009Z,-15,0,0,10,869,0,
545,45,45,user,user129,settlement,2025-06-18T13:50:31.009Z,0,0,25,0,938,1,win
546,45,45,bot,bot49,settlement,2025-06-18T13:50:31.009Z,-5,0,10,0,564,2,win
547,45,45,user,user133,settlement,2025-06-18T13:50:31.009Z,0,0,0,0,563,3,loss
548,45,45,user,user131,settlement,2025-06-18T13:50:31.009Z,0,0,0,0,71,4,loss
549,46,46,user,user130,settlement,2025-06-18T13:50:31.009Z,0,0,25,0,876,1,win
550,46,46,bot,bot50,settlement,2025-06-18T13:50:31.009Z,-5,0,10,0,869,2,win
551,46,46,user,user132,settlement,2025-06-18T13:50:31.009Z,0,0,0,0,860,3,loss
552,46,46,user,user134,settlement,2025-06-18T13:50:31.009Z,0,0,0,0,414,4,loss
553,47,47,user,user135,entry,2025-06-18T13:52:31.009Z,0,10,0,0,0,0,
554,48,48,user,user136,entry,2025-06-18T13:52:31.009Z,0,10,0,0,0,0,
555,47,47,user,user135,score_posted,2025-06-18T13:52:31.009Z,0,0,0,0,98,0,
556,48,48,user,user136,score_posted,2025-06-18T13:52:31.009Z,0,0,0,0,810,0,
557,47,47,bot,bot51,entry,2025-06-18T13:53:31.009Z,-5,10,0,10,0,0,
558,48,48,user,user137,entry,2025-06-18T13:53:31.009Z,0,10,0,0,0,0,
559,47,47,bot,bot51,score_posted,2025-06-18T13:53:31.009Z,-15,0,0,10,10,0,
560,48,48,user,user137,score_posted,2025-06-18T13:53:31.009Z,0,0,0,0,390,0,
561,47,47,user,user138,entry,2025-06-18T13:54:31.009Z,0,10,0,0,0,0,
562,48,48,bot,bot52,entry,2025-06-18T13:54:31.009Z,-15,10,0,25,0,0,
563,47,47,user,user138,score_posted,2025-06-18T13:54:31.009Z,0,0,0,0,889,0,
564,48,48,bot,bot52,score_posted,2025-06-18T13:54:31.009Z,-25,0,0,25,815,0,
565,47,47,bot,bot53,entry,2025-06-18T13:55:31.009Z,-25,10,0,25,0,0,
566,48,48,user,user139,entry,2025-06-18T13:55:31.009Z,0,10,0,0,0,0,
567,47,47,bot,bot53,score_posted,2025-06-18T13:55:31.009Z,-35,0,0,25,893,0,
568,48,48,user,user139,score_posted,2025-06-18T13:55:31.009Z,0,0,0,0,151,0,
569,47,47,bot,bot53,settlement,2025-06-18T13:55:31.009Z,-10,0,25,0,893,1,win
570,47,47,user,user138,settlement,2025-06-18T13:55:31.009Z,0,0,10,0,889,2,win
571,47,47,user,user135,settlement,2025-06-18T13:55:31.009Z,0,0,0,0,98,3,loss
572,47,47,bot,bot51,settlement,2025-06-18T13:55:31.009Z,-10,0,0,0,10,4,loss
573,48,48,bot,bot52,settlement,2025-06-18T13:55:31.009Z,15,0,25,0,815,1,win
574,48,48,user,user136,settlement,2025-06-18T13:55:31.009Z,0,0,10,0,810,2,win
575,48,48,user,user137,settlement,2025-06-18T13:55:31.009Z,0,0,0,0,390,3,loss
576,48,48,user,user139,settlement,2025-06-18T13:55:31.009Z,0,0,0,0,151,4,loss
577,49,49,user,user140,entry,2025-06-18T13:57:31.009Z,0,10,0,0,0,0,
578,50,50,user,user141,entry,2025-06-18T13:57:31.009Z,0,10,0,0,0,0,
579,49,49,user,user140,score_posted,2025-06-18T13:57:31.009Z,0,0,0,0,75,0,
580,50,50,user,user141,score_posted,2025-06-18T13:57:31.009Z,0,0,0,0,633,0,
581,49,49,bot,bot54,entry,2025-06-18T13:58:31.009Z,15,10,0,10,0,0,
582,50,50,user,user142,entry,2025-06-18T13:58:31.009Z,0,10,0,0,0,0,
583,49,49,bot,bot54,score_posted,2025-06-18T13:58:31.009Z,5,0,0,10,6,0,
584,50,50,user,user142,score_posted,2025-06-18T13:58:31.009Z,0,0,0,0,53,0,
585,49,49,user,user143,entry,2025-06-18T13:59:31.009Z,0,10,0,0,0,0,
586,50,50,user,user144,entry,2025-06-18T13:59:31.009Z,0,10,0,0,0,0,
587,49,49,user,user143,score_posted,2025-06-18T13:59:31.009Z,0,0,0,0,829,0,
588,50,50,user,user144,score_posted,2025-06-18T13:59:31.009Z,0,0,0,0,983,0,
589,49,49,bot,bot55,entry,2025-06-18T14:00:31.009Z,5,10,0,10,0,0,
590,50,50,bot,bot56,entry,2025-06-18T14:00:31.009Z,5,10,0,10,0,0,
591,49,49,bot,bot55,score_posted,2025-06-18T14:00:31.009Z,-5,0,0,10,85,0,
592,50,50,bot,bot56,score_posted,2025-06-18T14:00:31.009Z,-5,0,0,10,638,0,
593,49,49,user,user143,settlement,2025-06-18T14:00:31.009Z,0,0,25,0,829,1,win
594,49,49,bot,bot55,settlement,2025-06-18T14:00:31.009Z,5,0,10,0,85,2,win
595,49,49,user,user140,settlement,2025-06-18T14:00:31.009Z,0,0,0,0,75,3,loss
596,49,49,bot,bot54,settlement,2025-06-18T14:00:31.009Z,5,0,0,0,6,4,loss
597,50,50,user,user144,settlement,2025-06-18T14:00:31.009Z,0,0,25,0,983,1,win
598,50,50,bot,bot56,settlement,2025-06-18T14:00:31.009Z,5,0,10,0,638,2,win
599,50,50,user,user141,settlement,2025-06-18T14:00:31.009Z,0,0,0,0,633,3,loss
600,50,50,user,user142,settlement,2025-06-18T14:00:31.009Z,0,0,0,0,53,4,loss